{
  "A1": {
    "conj": 474,
    "advcl": 134,
    "acl": 29,
    "ccomp": 99,
    "xcomp": 153,
    "aux": 104,
    "auxpass": 0,
    "cop": 314,
    "modals": 1,
    "compound": 250,
    "avg_sent_len": 26.358895705521473,
    "total_words": 8593,
    "unique_words": 2083
  },
  "A2": {
    "conj": 577,
    "advcl": 318,
    "acl": 67,
    "ccomp": 221,
    "xcomp": 274,
    "aux": 311,
    "auxpass": 0,
    "cop": 342,
    "modals": 2,
    "compound": 343,
    "avg_sent_len": 31.170854271356784,
    "total_words": 12406,
    "unique_words": 3110
  },
  "B1": {
    "conj": 691,
    "advcl": 342,
    "acl": 148,
    "ccomp": 123,
    "xcomp": 256,
    "aux": 336,
    "auxpass": 0,
    "cop": 325,
    "modals": 2,
    "compound": 755,
    "avg_sent_len": 46.65359477124183,
    "total_words": 14276,
    "unique_words": 4067
  },
  "B2": {
    "conj": 838,
    "advcl": 530,
    "acl": 222,
    "ccomp": 202,
    "xcomp": 379,
    "aux": 487,
    "auxpass": 0,
    "cop": 411,
    "modals": 1,
    "compound": 773,
    "avg_sent_len": 58.13029315960912,
    "total_words": 17846,
    "unique_words": 5255
  },
  "C1": {
    "conj": 964,
    "advcl": 554,
    "acl": 251,
    "ccomp": 281,
    "xcomp": 391,
    "aux": 605,
    "auxpass": 0,
    "cop": 516,
    "modals": 2,
    "compound": 854,
    "avg_sent_len": 39.70744680851064,
    "total_words": 22395,
    "unique_words": 6304
  }
}